unique_size_id,unique_color_id,color_product_id,size,size_label,20251020_142441_available,20251020_142441_price,20251020_142441_original_price,20251020_142441_discount_percent
PROD-BBD0CB55_DEFAULT_7,PROD-BBD0CB55_DEFAULT,DEFAULT,7,M 7 / W 8.5,False,220,220,0
PROD-BBD0CB55_DEFAULT_7.5,PROD-BBD0CB55_DEFAULT,DEFAULT,7.5,M 7.5 / W 9,False,220,220,0
PROD-BBD0CB55_DEFAULT_8,PROD-BBD0CB55_DEFAULT,DEFAULT,8,M 8 / W 9.5,True,220,220,0
PROD-BBD0CB55_DEFAULT_8.5,PROD-BBD0CB55_DEFAULT,DEFAULT,8.5,M 8.5 / W 10,True,220,220,0
PROD-BBD0CB55_DEFAULT_9,PROD-BBD0CB55_DEFAULT,DEFAULT,9,M 9 / W 10.5,True,220,220,0
PROD-BBD0CB55_DEFAULT_9.5,PROD-BBD0CB55_DEFAULT,DEFAULT,9.5,M 9.5 / W 11,False,220,220,0
PROD-BBD0CB55_DEFAULT_10,PROD-BBD0CB55_DEFAULT,DEFAULT,10,M 10 / W 11.5,True,220,220,0
PROD-BBD0CB55_DEFAULT_10.5,PROD-BBD0CB55_DEFAULT,DEFAULT,10.5,M 10.5 / W 12,False,220,220,0
PROD-BBD0CB55_DEFAULT_11,PROD-BBD0CB55_DEFAULT,DEFAULT,11,M 11 / W 12.5,False,220,220,0
PROD-BBD0CB55_DEFAULT_11.5,PROD-BBD0CB55_DEFAULT,DEFAULT,11.5,M 11.5 / W 13,False,220,220,0
PROD-BBD0CB55_DEFAULT_12,PROD-BBD0CB55_DEFAULT,DEFAULT,12,M 12 / W 13.5,False,220,220,0
PROD-BBD0CB55_DEFAULT_12.5,PROD-BBD0CB55_DEFAULT,DEFAULT,12.5,M 12.5 / W 14,False,220,220,0
PROD-BBD0CB55_DEFAULT_13,PROD-BBD0CB55_DEFAULT,DEFAULT,13,M 13 / W 14.5,False,220,220,0
PROD-BBD0CB55_DEFAULT_14,PROD-BBD0CB55_DEFAULT,DEFAULT,14,M 14 / W 15.5,False,220,220,0
PROD-BBD0CB55_DEFAULT_15,PROD-BBD0CB55_DEFAULT,DEFAULT,15,M 15 / W 16.5,False,220,220,0
PROD-BBD0CB55_DEFAULT_16,PROD-BBD0CB55_DEFAULT,DEFAULT,16,M 16 / W 17.5,False,220,220,0
PROD-BBD0CB55_DEFAULT_17,PROD-BBD0CB55_DEFAULT,DEFAULT,17,M 17 / W 18.5,False,220,220,0
PROD-BBD0CB55_DEFAULT_18,PROD-BBD0CB55_DEFAULT,DEFAULT,18,M 18 / W 19.5,False,220,220,0
PROD-F453BC18_CW2288-111_3.5,PROD-F453BC18_CW2288-111,CW2288-111,3.5,M 3.5 / W 5,False,115,115,0
PROD-F453BC18_CW2288-111_4,PROD-F453BC18_CW2288-111,CW2288-111,4,M 4 / W 5.5,False,115,115,0
PROD-F453BC18_CW2288-111_4.5,PROD-F453BC18_CW2288-111,CW2288-111,4.5,M 4.5 / W 6,False,115,115,0
PROD-F453BC18_CW2288-111_5,PROD-F453BC18_CW2288-111,CW2288-111,5,M 5 / W 6.5,False,115,115,0
PROD-F453BC18_CW2288-111_5.5,PROD-F453BC18_CW2288-111,CW2288-111,5.5,M 5.5 / W 7,False,115,115,0
PROD-F453BC18_CW2288-111_6,PROD-F453BC18_CW2288-111,CW2288-111,6,M 6 / W 7.5,True,115,115,0
PROD-F453BC18_CW2288-111_6.5,PROD-F453BC18_CW2288-111,CW2288-111,6.5,M 6.5 / W 8,True,115,115,0
PROD-F453BC18_CW2288-111_7,PROD-F453BC18_CW2288-111,CW2288-111,7,M 7 / W 8.5,True,115,115,0
PROD-F453BC18_CW2288-111_7.5,PROD-F453BC18_CW2288-111,CW2288-111,7.5,M 7.5 / W 9,True,115,115,0
PROD-F453BC18_CW2288-111_8,PROD-F453BC18_CW2288-111,CW2288-111,8,M 8 / W 9.5,True,115,115,0
PROD-F453BC18_CW2288-111_8.5,PROD-F453BC18_CW2288-111,CW2288-111,8.5,M 8.5 / W 10,True,115,115,0
PROD-F453BC18_CW2288-111_9,PROD-F453BC18_CW2288-111,CW2288-111,9,M 9 / W 10.5,True,115,115,0
PROD-F453BC18_CW2288-111_9.5,PROD-F453BC18_CW2288-111,CW2288-111,9.5,M 9.5 / W 11,True,115,115,0
PROD-F453BC18_CW2288-111_10,PROD-F453BC18_CW2288-111,CW2288-111,10,M 10 / W 11.5,True,115,115,0
PROD-F453BC18_CW2288-111_10.5,PROD-F453BC18_CW2288-111,CW2288-111,10.5,M 10.5 / W 12,True,115,115,0
PROD-F453BC18_CW2288-111_11,PROD-F453BC18_CW2288-111,CW2288-111,11,M 11 / W 12.5,True,115,115,0
PROD-F453BC18_CW2288-111_11.5,PROD-F453BC18_CW2288-111,CW2288-111,11.5,M 11.5 / W 13,True,115,115,0
PROD-F453BC18_CW2288-111_12,PROD-F453BC18_CW2288-111,CW2288-111,12,M 12 / W 13.5,True,115,115,0
PROD-F453BC18_CW2288-111_12.5,PROD-F453BC18_CW2288-111,CW2288-111,12.5,M 12.5 / W 14,True,115,115,0
PROD-F453BC18_CW2288-111_13,PROD-F453BC18_CW2288-111,CW2288-111,13,M 13 / W 14.5,True,115,115,0
PROD-F453BC18_CW2288-111_14,PROD-F453BC18_CW2288-111,CW2288-111,14,M 14 / W 15.5,True,115,115,0
PROD-F453BC18_CW2288-111_15,PROD-F453BC18_CW2288-111,CW2288-111,15,M 15 / W 16.5,True,115,115,0
PROD-F453BC18_CW2288-111_16,PROD-F453BC18_CW2288-111,CW2288-111,16,M 16 / W 17.5,True,115,115,0
PROD-F453BC18_CW2288-111_17,PROD-F453BC18_CW2288-111,CW2288-111,17,M 17 / W 18.5,True,115,115,0
PROD-F453BC18_CW2288-111_18,PROD-F453BC18_CW2288-111,CW2288-111,18,M 18 / W 19.5,True,115,115,0
PROD-F453BC18_CT2302-002_6,PROD-F453BC18_CT2302-002,CT2302-002,6,M 6 / W 7.5,True,115,115,0
PROD-F453BC18_CT2302-002_6.5,PROD-F453BC18_CT2302-002,CT2302-002,6.5,M 6.5 / W 8,True,115,115,0
PROD-F453BC18_CT2302-002_7,PROD-F453BC18_CT2302-002,CT2302-002,7,M 7 / W 8.5,True,115,115,0
PROD-F453BC18_CT2302-002_7.5,PROD-F453BC18_CT2302-002,CT2302-002,7.5,M 7.5 / W 9,True,115,115,0
PROD-F453BC18_CT2302-002_8,PROD-F453BC18_CT2302-002,CT2302-002,8,M 8 / W 9.5,True,115,115,0
PROD-F453BC18_CT2302-002_8.5,PROD-F453BC18_CT2302-002,CT2302-002,8.5,M 8.5 / W 10,True,115,115,0
PROD-F453BC18_CT2302-002_9,PROD-F453BC18_CT2302-002,CT2302-002,9,M 9 / W 10.5,True,115,115,0
PROD-F453BC18_CT2302-002_9.5,PROD-F453BC18_CT2302-002,CT2302-002,9.5,M 9.5 / W 11,True,115,115,0
PROD-F453BC18_CT2302-002_10,PROD-F453BC18_CT2302-002,CT2302-002,10,M 10 / W 11.5,True,115,115,0
PROD-F453BC18_CT2302-002_10.5,PROD-F453BC18_CT2302-002,CT2302-002,10.5,M 10.5 / W 12,True,115,115,0
PROD-F453BC18_CT2302-002_11,PROD-F453BC18_CT2302-002,CT2302-002,11,M 11 / W 12.5,True,115,115,0
PROD-F453BC18_CT2302-002_11.5,PROD-F453BC18_CT2302-002,CT2302-002,11.5,M 11.5 / W 13,True,115,115,0
PROD-F453BC18_CT2302-002_12,PROD-F453BC18_CT2302-002,CT2302-002,12,M 12 / W 13.5,True,115,115,0
PROD-F453BC18_CT2302-002_12.5,PROD-F453BC18_CT2302-002,CT2302-002,12.5,M 12.5 / W 14,True,115,115,0
PROD-F453BC18_CT2302-002_13,PROD-F453BC18_CT2302-002,CT2302-002,13,M 13 / W 14.5,True,115,115,0
PROD-F453BC18_CT2302-002_14,PROD-F453BC18_CT2302-002,CT2302-002,14,M 14 / W 15.5,True,115,115,0
PROD-F453BC18_CT2302-002_15,PROD-F453BC18_CT2302-002,CT2302-002,15,M 15 / W 16.5,True,115,115,0
PROD-F453BC18_CT2302-002_16,PROD-F453BC18_CT2302-002,CT2302-002,16,M 16 / W 17.5,False,115,115,0
PROD-F453BC18_CT2302-002_17,PROD-F453BC18_CT2302-002,CT2302-002,17,M 17 / W 18.5,False,115,115,0
PROD-F453BC18_CT2302-002_18,PROD-F453BC18_CT2302-002,CT2302-002,18,M 18 / W 19.5,False,115,115,0
PROD-F453BC18_CT2302-100_6,PROD-F453BC18_CT2302-100,CT2302-100,6,M 6 / W 7.5,True,115,115,0
PROD-F453BC18_CT2302-100_6.5,PROD-F453BC18_CT2302-100,CT2302-100,6.5,M 6.5 / W 8,True,115,115,0
PROD-F453BC18_CT2302-100_7,PROD-F453BC18_CT2302-100,CT2302-100,7,M 7 / W 8.5,True,115,115,0
PROD-F453BC18_CT2302-100_7.5,PROD-F453BC18_CT2302-100,CT2302-100,7.5,M 7.5 / W 9,True,115,115,0
PROD-F453BC18_CT2302-100_8,PROD-F453BC18_CT2302-100,CT2302-100,8,M 8 / W 9.5,True,115,115,0
PROD-F453BC18_CT2302-100_8.5,PROD-F453BC18_CT2302-100,CT2302-100,8.5,M 8.5 / W 10,True,115,115,0
PROD-F453BC18_CT2302-100_9,PROD-F453BC18_CT2302-100,CT2302-100,9,M 9 / W 10.5,True,115,115,0
PROD-F453BC18_CT2302-100_9.5,PROD-F453BC18_CT2302-100,CT2302-100,9.5,M 9.5 / W 11,True,115,115,0
PROD-F453BC18_CT2302-100_10,PROD-F453BC18_CT2302-100,CT2302-100,10,M 10 / W 11.5,True,115,115,0
PROD-F453BC18_CT2302-100_10.5,PROD-F453BC18_CT2302-100,CT2302-100,10.5,M 10.5 / W 12,True,115,115,0
PROD-F453BC18_CT2302-100_11,PROD-F453BC18_CT2302-100,CT2302-100,11,M 11 / W 12.5,True,115,115,0
PROD-F453BC18_CT2302-100_11.5,PROD-F453BC18_CT2302-100,CT2302-100,11.5,M 11.5 / W 13,True,115,115,0
PROD-F453BC18_CT2302-100_12,PROD-F453BC18_CT2302-100,CT2302-100,12,M 12 / W 13.5,True,115,115,0
PROD-F453BC18_CT2302-100_12.5,PROD-F453BC18_CT2302-100,CT2302-100,12.5,M 12.5 / W 14,True,115,115,0
PROD-F453BC18_CT2302-100_13,PROD-F453BC18_CT2302-100,CT2302-100,13,M 13 / W 14.5,True,115,115,0
PROD-F453BC18_CT2302-100_14,PROD-F453BC18_CT2302-100,CT2302-100,14,M 14 / W 15.5,True,115,115,0
PROD-F453BC18_CT2302-100_15,PROD-F453BC18_CT2302-100,CT2302-100,15,M 15 / W 16.5,True,115,115,0
PROD-F453BC18_CT2302-100_16,PROD-F453BC18_CT2302-100,CT2302-100,16,M 16 / W 17.5,False,115,115,0
PROD-F453BC18_CT2302-100_17,PROD-F453BC18_CT2302-100,CT2302-100,17,M 17 / W 18.5,True,115,115,0
PROD-F453BC18_CT2302-100_18,PROD-F453BC18_CT2302-100,CT2302-100,18,M 18 / W 19.5,True,115,115,0
PROD-F453BC18_CW2288-001_4,PROD-F453BC18_CW2288-001,CW2288-001,4,M 4 / W 5.5,False,115,115,0
PROD-F453BC18_CW2288-001_4.5,PROD-F453BC18_CW2288-001,CW2288-001,4.5,M 4.5 / W 6,False,115,115,0
PROD-F453BC18_CW2288-001_5,PROD-F453BC18_CW2288-001,CW2288-001,5,M 5 / W 6.5,False,115,115,0
PROD-F453BC18_CW2288-001_5.5,PROD-F453BC18_CW2288-001,CW2288-001,5.5,M 5.5 / W 7,False,115,115,0
PROD-F453BC18_CW2288-001_6,PROD-F453BC18_CW2288-001,CW2288-001,6,M 6 / W 7.5,True,115,115,0
PROD-F453BC18_CW2288-001_6.5,PROD-F453BC18_CW2288-001,CW2288-001,6.5,M 6.5 / W 8,True,115,115,0
PROD-F453BC18_CW2288-001_7,PROD-F453BC18_CW2288-001,CW2288-001,7,M 7 / W 8.5,True,115,115,0
PROD-F453BC18_CW2288-001_7.5,PROD-F453BC18_CW2288-001,CW2288-001,7.5,M 7.5 / W 9,True,115,115,0
PROD-F453BC18_CW2288-001_8,PROD-F453BC18_CW2288-001,CW2288-001,8,M 8 / W 9.5,True,115,115,0
PROD-F453BC18_CW2288-001_8.5,PROD-F453BC18_CW2288-001,CW2288-001,8.5,M 8.5 / W 10,True,115,115,0
PROD-F453BC18_CW2288-001_9,PROD-F453BC18_CW2288-001,CW2288-001,9,M 9 / W 10.5,True,115,115,0
PROD-F453BC18_CW2288-001_9.5,PROD-F453BC18_CW2288-001,CW2288-001,9.5,M 9.5 / W 11,True,115,115,0
PROD-F453BC18_CW2288-001_10,PROD-F453BC18_CW2288-001,CW2288-001,10,M 10 / W 11.5,True,115,115,0
PROD-F453BC18_CW2288-001_10.5,PROD-F453BC18_CW2288-001,CW2288-001,10.5,M 10.5 / W 12,True,115,115,0
PROD-F453BC18_CW2288-001_11,PROD-F453BC18_CW2288-001,CW2288-001,11,M 11 / W 12.5,True,115,115,0
PROD-F453BC18_CW2288-001_11.5,PROD-F453BC18_CW2288-001,CW2288-001,11.5,M 11.5 / W 13,True,115,115,0
PROD-F453BC18_CW2288-001_12,PROD-F453BC18_CW2288-001,CW2288-001,12,M 12 / W 13.5,True,115,115,0
PROD-F453BC18_CW2288-001_12.5,PROD-F453BC18_CW2288-001,CW2288-001,12.5,M 12.5 / W 14,True,115,115,0
PROD-F453BC18_CW2288-001_13,PROD-F453BC18_CW2288-001,CW2288-001,13,M 13 / W 14.5,True,115,115,0
PROD-F453BC18_CW2288-001_14,PROD-F453BC18_CW2288-001,CW2288-001,14,M 14 / W 15.5,True,115,115,0
PROD-F453BC18_CW2288-001_15,PROD-F453BC18_CW2288-001,CW2288-001,15,M 15 / W 16.5,True,115,115,0
PROD-F453BC18_CW2288-001_16,PROD-F453BC18_CW2288-001,CW2288-001,16,M 16 / W 17.5,False,115,115,0
PROD-F453BC18_CW2288-001_17,PROD-F453BC18_CW2288-001,CW2288-001,17,M 17 / W 18.5,True,115,115,0
PROD-F453BC18_CW2288-001_18,PROD-F453BC18_CW2288-001,CW2288-001,18,M 18 / W 19.5,True,115,115,0
PROD-45D537D5_DEFAULT_7,PROD-45D537D5_DEFAULT,DEFAULT,7,M 7 / W 8.5,True,205,205,0
PROD-45D537D5_DEFAULT_7.5,PROD-45D537D5_DEFAULT,DEFAULT,7.5,M 7.5 / W 9,False,205,205,0
PROD-45D537D5_DEFAULT_8,PROD-45D537D5_DEFAULT,DEFAULT,8,M 8 / W 9.5,True,205,205,0
PROD-45D537D5_DEFAULT_8.5,PROD-45D537D5_DEFAULT,DEFAULT,8.5,M 8.5 / W 10,True,205,205,0
PROD-45D537D5_DEFAULT_9,PROD-45D537D5_DEFAULT,DEFAULT,9,M 9 / W 10.5,True,205,205,0
PROD-45D537D5_DEFAULT_9.5,PROD-45D537D5_DEFAULT,DEFAULT,9.5,M 9.5 / W 11,True,205,205,0
PROD-45D537D5_DEFAULT_10,PROD-45D537D5_DEFAULT,DEFAULT,10,M 10 / W 11.5,True,205,205,0
PROD-45D537D5_DEFAULT_10.5,PROD-45D537D5_DEFAULT,DEFAULT,10.5,M 10.5 / W 12,True,205,205,0
PROD-45D537D5_DEFAULT_11,PROD-45D537D5_DEFAULT,DEFAULT,11,M 11 / W 12.5,True,205,205,0
PROD-45D537D5_DEFAULT_11.5,PROD-45D537D5_DEFAULT,DEFAULT,11.5,M 11.5 / W 13,True,205,205,0
PROD-45D537D5_DEFAULT_12,PROD-45D537D5_DEFAULT,DEFAULT,12,M 12 / W 13.5,True,205,205,0
PROD-45D537D5_DEFAULT_12.5,PROD-45D537D5_DEFAULT,DEFAULT,12.5,M 12.5 / W 14,False,205,205,0
PROD-45D537D5_DEFAULT_13,PROD-45D537D5_DEFAULT,DEFAULT,13,M 13 / W 14.5,False,205,205,0
PROD-45D537D5_DEFAULT_14,PROD-45D537D5_DEFAULT,DEFAULT,14,M 14 / W 15.5,False,205,205,0
PROD-45D537D5_DEFAULT_15,PROD-45D537D5_DEFAULT,DEFAULT,15,M 15 / W 16.5,False,205,205,0
PROD-45D537D5_DEFAULT_16,PROD-45D537D5_DEFAULT,DEFAULT,16,M 16 / W 17.5,False,205,205,0
PROD-45D537D5_DEFAULT_17,PROD-45D537D5_DEFAULT,DEFAULT,17,M 17 / W 18.5,False,205,205,0
PROD-45D537D5_DEFAULT_18,PROD-45D537D5_DEFAULT,DEFAULT,18,M 18 / W 19.5,False,205,205,0
PROD-F8C25FA1_DEFAULT_3.5,PROD-F8C25FA1_DEFAULT,DEFAULT,3.5,M 3.5 / W 5,False,185,185,0
PROD-F8C25FA1_DEFAULT_4,PROD-F8C25FA1_DEFAULT,DEFAULT,4,M 4 / W 5.5,True,185,185,0
PROD-F8C25FA1_DEFAULT_4.5,PROD-F8C25FA1_DEFAULT,DEFAULT,4.5,M 4.5 / W 6,False,185,185,0
PROD-F8C25FA1_DEFAULT_5,PROD-F8C25FA1_DEFAULT,DEFAULT,5,M 5 / W 6.5,False,185,185,0
PROD-F8C25FA1_DEFAULT_5.5,PROD-F8C25FA1_DEFAULT,DEFAULT,5.5,M 5.5 / W 7,False,185,185,0
PROD-F8C25FA1_DEFAULT_6,PROD-F8C25FA1_DEFAULT,DEFAULT,6,M 6 / W 7.5,False,185,185,0
PROD-F8C25FA1_DEFAULT_6.5,PROD-F8C25FA1_DEFAULT,DEFAULT,6.5,M 6.5 / W 8,True,185,185,0
PROD-F8C25FA1_DEFAULT_7,PROD-F8C25FA1_DEFAULT,DEFAULT,7,M 7 / W 8.5,True,185,185,0
PROD-F8C25FA1_DEFAULT_7.5,PROD-F8C25FA1_DEFAULT,DEFAULT,7.5,M 7.5 / W 9,False,185,185,0
PROD-F8C25FA1_DEFAULT_8,PROD-F8C25FA1_DEFAULT,DEFAULT,8,M 8 / W 9.5,True,185,185,0
PROD-F8C25FA1_DEFAULT_8.5,PROD-F8C25FA1_DEFAULT,DEFAULT,8.5,M 8.5 / W 10,True,185,185,0
PROD-F8C25FA1_DEFAULT_9,PROD-F8C25FA1_DEFAULT,DEFAULT,9,M 9 / W 10.5,True,185,185,0
PROD-F8C25FA1_DEFAULT_9.5,PROD-F8C25FA1_DEFAULT,DEFAULT,9.5,M 9.5 / W 11,True,185,185,0
PROD-F8C25FA1_DEFAULT_10,PROD-F8C25FA1_DEFAULT,DEFAULT,10,M 10 / W 11.5,True,185,185,0
PROD-F8C25FA1_DEFAULT_10.5,PROD-F8C25FA1_DEFAULT,DEFAULT,10.5,M 10.5 / W 12,True,185,185,0
PROD-F8C25FA1_DEFAULT_11,PROD-F8C25FA1_DEFAULT,DEFAULT,11,M 11 / W 12.5,True,185,185,0
PROD-F8C25FA1_DEFAULT_11.5,PROD-F8C25FA1_DEFAULT,DEFAULT,11.5,M 11.5 / W 13,True,185,185,0
PROD-F8C25FA1_DEFAULT_12,PROD-F8C25FA1_DEFAULT,DEFAULT,12,M 12 / W 13.5,False,185,185,0
PROD-F8C25FA1_DEFAULT_12.5,PROD-F8C25FA1_DEFAULT,DEFAULT,12.5,M 12.5 / W 14,True,185,185,0
PROD-F8C25FA1_DEFAULT_13,PROD-F8C25FA1_DEFAULT,DEFAULT,13,M 13 / W 14.5,False,185,185,0
PROD-F8C25FA1_DEFAULT_14,PROD-F8C25FA1_DEFAULT,DEFAULT,14,M 14 / W 15.5,False,185,185,0
PROD-F8C25FA1_DEFAULT_15,PROD-F8C25FA1_DEFAULT,DEFAULT,15,M 15 / W 16.5,False,185,185,0
PROD-F8C25FA1_DEFAULT_16,PROD-F8C25FA1_DEFAULT,DEFAULT,16,M 16 / W 17.5,False,185,185,0
PROD-F8C25FA1_DEFAULT_17,PROD-F8C25FA1_DEFAULT,DEFAULT,17,M 17 / W 18.5,False,185,185,0
PROD-F8C25FA1_DEFAULT_18,PROD-F8C25FA1_DEFAULT,DEFAULT,18,M 18 / W 19.5,True,185,185,0
PROD-345C7DB7_DEFAULT_3.5,PROD-345C7DB7_DEFAULT,DEFAULT,3.5,M 3.5 / W 5,True,230,230,0
PROD-345C7DB7_DEFAULT_4,PROD-345C7DB7_DEFAULT,DEFAULT,4,M 4 / W 5.5,True,230,230,0
PROD-345C7DB7_DEFAULT_4.5,PROD-345C7DB7_DEFAULT,DEFAULT,4.5,M 4.5 / W 6,True,230,230,0
PROD-345C7DB7_DEFAULT_5,PROD-345C7DB7_DEFAULT,DEFAULT,5,M 5 / W 6.5,True,230,230,0
PROD-345C7DB7_DEFAULT_5.5,PROD-345C7DB7_DEFAULT,DEFAULT,5.5,M 5.5 / W 7,True,230,230,0
PROD-345C7DB7_DEFAULT_6,PROD-345C7DB7_DEFAULT,DEFAULT,6,M 6 / W 7.5,True,230,230,0
PROD-345C7DB7_DEFAULT_6.5,PROD-345C7DB7_DEFAULT,DEFAULT,6.5,M 6.5 / W 8,True,230,230,0
PROD-345C7DB7_DEFAULT_7,PROD-345C7DB7_DEFAULT,DEFAULT,7,M 7 / W 8.5,True,230,230,0
PROD-345C7DB7_DEFAULT_7.5,PROD-345C7DB7_DEFAULT,DEFAULT,7.5,M 7.5 / W 9,True,230,230,0
PROD-345C7DB7_DEFAULT_8,PROD-345C7DB7_DEFAULT,DEFAULT,8,M 8 / W 9.5,True,230,230,0
PROD-345C7DB7_DEFAULT_8.5,PROD-345C7DB7_DEFAULT,DEFAULT,8.5,M 8.5 / W 10,False,230,230,0
PROD-345C7DB7_DEFAULT_9,PROD-345C7DB7_DEFAULT,DEFAULT,9,M 9 / W 10.5,False,230,230,0
PROD-345C7DB7_DEFAULT_9.5,PROD-345C7DB7_DEFAULT,DEFAULT,9.5,M 9.5 / W 11,True,230,230,0
PROD-345C7DB7_DEFAULT_10,PROD-345C7DB7_DEFAULT,DEFAULT,10,M 10 / W 11.5,False,230,230,0
PROD-345C7DB7_DEFAULT_10.5,PROD-345C7DB7_DEFAULT,DEFAULT,10.5,M 10.5 / W 12,False,230,230,0
PROD-345C7DB7_DEFAULT_11,PROD-345C7DB7_DEFAULT,DEFAULT,11,M 11 / W 12.5,False,230,230,0
PROD-345C7DB7_DEFAULT_11.5,PROD-345C7DB7_DEFAULT,DEFAULT,11.5,M 11.5 / W 13,False,230,230,0
PROD-345C7DB7_DEFAULT_12,PROD-345C7DB7_DEFAULT,DEFAULT,12,M 12 / W 13.5,True,230,230,0
PROD-345C7DB7_DEFAULT_12.5,PROD-345C7DB7_DEFAULT,DEFAULT,12.5,M 12.5 / W 14,True,230,230,0
PROD-345C7DB7_DEFAULT_13,PROD-345C7DB7_DEFAULT,DEFAULT,13,M 13 / W 14.5,True,230,230,0
PROD-345C7DB7_DEFAULT_14,PROD-345C7DB7_DEFAULT,DEFAULT,14,M 14 / W 15.5,False,230,230,0
PROD-345C7DB7_DEFAULT_15,PROD-345C7DB7_DEFAULT,DEFAULT,15,M 15 / W 16.5,False,230,230,0
PROD-A56EFA71_HF5441-115_6,PROD-A56EFA71_HF5441-115,HF5441-115,6,M 6 / W 7.5,True,120,120,0
PROD-A56EFA71_HF5441-115_6.5,PROD-A56EFA71_HF5441-115,HF5441-115,6.5,M 6.5 / W 8,True,120,120,0
PROD-A56EFA71_HF5441-115_7,PROD-A56EFA71_HF5441-115,HF5441-115,7,M 7 / W 8.5,True,120,120,0
PROD-A56EFA71_HF5441-115_7.5,PROD-A56EFA71_HF5441-115,HF5441-115,7.5,M 7.5 / W 9,True,120,120,0
PROD-A56EFA71_HF5441-115_8,PROD-A56EFA71_HF5441-115,HF5441-115,8,M 8 / W 9.5,True,120,120,0
PROD-A56EFA71_HF5441-115_8.5,PROD-A56EFA71_HF5441-115,HF5441-115,8.5,M 8.5 / W 10,True,120,120,0
PROD-A56EFA71_HF5441-115_9,PROD-A56EFA71_HF5441-115,HF5441-115,9,M 9 / W 10.5,True,120,120,0
PROD-A56EFA71_HF5441-115_9.5,PROD-A56EFA71_HF5441-115,HF5441-115,9.5,M 9.5 / W 11,True,120,120,0
PROD-A56EFA71_HF5441-115_10,PROD-A56EFA71_HF5441-115,HF5441-115,10,M 10 / W 11.5,True,120,120,0
PROD-A56EFA71_HF5441-115_10.5,PROD-A56EFA71_HF5441-115,HF5441-115,10.5,M 10.5 / W 12,True,120,120,0
PROD-A56EFA71_HF5441-115_11,PROD-A56EFA71_HF5441-115,HF5441-115,11,M 11 / W 12.5,True,120,120,0
PROD-A56EFA71_HF5441-115_11.5,PROD-A56EFA71_HF5441-115,HF5441-115,11.5,M 11.5 / W 13,True,120,120,0
PROD-A56EFA71_HF5441-115_12,PROD-A56EFA71_HF5441-115,HF5441-115,12,M 12 / W 13.5,True,120,120,0
PROD-A56EFA71_HF5441-115_12.5,PROD-A56EFA71_HF5441-115,HF5441-115,12.5,M 12.5 / W 14,True,120,120,0
PROD-A56EFA71_HF5441-115_13,PROD-A56EFA71_HF5441-115,HF5441-115,13,M 13 / W 14.5,True,120,120,0
PROD-A56EFA71_HF5441-115_14,PROD-A56EFA71_HF5441-115,HF5441-115,14,M 14 / W 15.5,True,120,120,0
PROD-A56EFA71_HF5441-115_15,PROD-A56EFA71_HF5441-115,HF5441-115,15,M 15 / W 16.5,True,120,120,0
PROD-A56EFA71_IM6670-202_6,PROD-A56EFA71_IM6670-202,IM6670-202,6,M 6 / W 7.5,True,120,120,0
PROD-A56EFA71_IM6670-202_6.5,PROD-A56EFA71_IM6670-202,IM6670-202,6.5,M 6.5 / W 8,True,120,120,0
PROD-A56EFA71_IM6670-202_7,PROD-A56EFA71_IM6670-202,IM6670-202,7,M 7 / W 8.5,True,120,120,0
PROD-A56EFA71_IM6670-202_7.5,PROD-A56EFA71_IM6670-202,IM6670-202,7.5,M 7.5 / W 9,True,120,120,0
PROD-A56EFA71_IM6670-202_8,PROD-A56EFA71_IM6670-202,IM6670-202,8,M 8 / W 9.5,True,120,120,0
PROD-A56EFA71_IM6670-202_8.5,PROD-A56EFA71_IM6670-202,IM6670-202,8.5,M 8.5 / W 10,True,120,120,0
PROD-A56EFA71_IM6670-202_9,PROD-A56EFA71_IM6670-202,IM6670-202,9,M 9 / W 10.5,True,120,120,0
PROD-A56EFA71_IM6670-202_9.5,PROD-A56EFA71_IM6670-202,IM6670-202,9.5,M 9.5 / W 11,True,120,120,0
PROD-A56EFA71_IM6670-202_10,PROD-A56EFA71_IM6670-202,IM6670-202,10,M 10 / W 11.5,True,120,120,0
PROD-A56EFA71_IM6670-202_10.5,PROD-A56EFA71_IM6670-202,IM6670-202,10.5,M 10.5 / W 12,True,120,120,0
PROD-A56EFA71_IM6670-202_11,PROD-A56EFA71_IM6670-202,IM6670-202,11,M 11 / W 12.5,True,120,120,0
PROD-A56EFA71_IM6670-202_11.5,PROD-A56EFA71_IM6670-202,IM6670-202,11.5,M 11.5 / W 13,True,120,120,0
PROD-A56EFA71_IM6670-202_12,PROD-A56EFA71_IM6670-202,IM6670-202,12,M 12 / W 13.5,True,120,120,0
PROD-A56EFA71_IM6670-202_12.5,PROD-A56EFA71_IM6670-202,IM6670-202,12.5,M 12.5 / W 14,True,120,120,0
PROD-A56EFA71_IM6670-202_13,PROD-A56EFA71_IM6670-202,IM6670-202,13,M 13 / W 14.5,True,120,120,0
PROD-A56EFA71_IM6670-202_14,PROD-A56EFA71_IM6670-202,IM6670-202,14,M 14 / W 15.5,True,120,120,0
PROD-A56EFA71_IM6670-202_15,PROD-A56EFA71_IM6670-202,IM6670-202,15,M 15 / W 16.5,True,120,120,0
PROD-A56EFA71_IM2222-101_6,PROD-A56EFA71_IM2222-101,IM2222-101,6,M 6 / W 7.5,True,120,120,0
PROD-A56EFA71_IM2222-101_6.5,PROD-A56EFA71_IM2222-101,IM2222-101,6.5,M 6.5 / W 8,True,120,120,0
PROD-A56EFA71_IM2222-101_7,PROD-A56EFA71_IM2222-101,IM2222-101,7,M 7 / W 8.5,True,120,120,0
PROD-A56EFA71_IM2222-101_7.5,PROD-A56EFA71_IM2222-101,IM2222-101,7.5,M 7.5 / W 9,True,120,120,0
PROD-A56EFA71_IM2222-101_8,PROD-A56EFA71_IM2222-101,IM2222-101,8,M 8 / W 9.5,True,120,120,0
PROD-A56EFA71_IM2222-101_8.5,PROD-A56EFA71_IM2222-101,IM2222-101,8.5,M 8.5 / W 10,True,120,120,0
PROD-A56EFA71_IM2222-101_9,PROD-A56EFA71_IM2222-101,IM2222-101,9,M 9 / W 10.5,True,120,120,0
PROD-A56EFA71_IM2222-101_9.5,PROD-A56EFA71_IM2222-101,IM2222-101,9.5,M 9.5 / W 11,True,120,120,0
PROD-A56EFA71_IM2222-101_10,PROD-A56EFA71_IM2222-101,IM2222-101,10,M 10 / W 11.5,True,120,120,0
PROD-A56EFA71_IM2222-101_10.5,PROD-A56EFA71_IM2222-101,IM2222-101,10.5,M 10.5 / W 12,True,120,120,0
PROD-A56EFA71_IM2222-101_11,PROD-A56EFA71_IM2222-101,IM2222-101,11,M 11 / W 12.5,True,120,120,0
PROD-A56EFA71_IM2222-101_11.5,PROD-A56EFA71_IM2222-101,IM2222-101,11.5,M 11.5 / W 13,True,120,120,0
PROD-A56EFA71_IM2222-101_12,PROD-A56EFA71_IM2222-101,IM2222-101,12,M 12 / W 13.5,True,120,120,0
PROD-A56EFA71_IM2222-101_12.5,PROD-A56EFA71_IM2222-101,IM2222-101,12.5,M 12.5 / W 14,True,120,120,0
PROD-A56EFA71_IM2222-101_13,PROD-A56EFA71_IM2222-101,IM2222-101,13,M 13 / W 14.5,True,120,120,0
PROD-A56EFA71_IM2222-101_14,PROD-A56EFA71_IM2222-101,IM2222-101,14,M 14 / W 15.5,True,120,120,0
PROD-A56EFA71_IM2222-101_15,PROD-A56EFA71_IM2222-101,IM2222-101,15,M 15 / W 16.5,True,120,120,0
PROD-A56EFA71_IM2222-100_6,PROD-A56EFA71_IM2222-100,IM2222-100,6,M 6 / W 7.5,True,120,120,0
PROD-A56EFA71_IM2222-100_6.5,PROD-A56EFA71_IM2222-100,IM2222-100,6.5,M 6.5 / W 8,True,120,120,0
PROD-A56EFA71_IM2222-100_7,PROD-A56EFA71_IM2222-100,IM2222-100,7,M 7 / W 8.5,True,120,120,0
PROD-A56EFA71_IM2222-100_7.5,PROD-A56EFA71_IM2222-100,IM2222-100,7.5,M 7.5 / W 9,True,120,120,0
PROD-A56EFA71_IM2222-100_8,PROD-A56EFA71_IM2222-100,IM2222-100,8,M 8 / W 9.5,True,120,120,0
PROD-A56EFA71_IM2222-100_8.5,PROD-A56EFA71_IM2222-100,IM2222-100,8.5,M 8.5 / W 10,True,120,120,0
PROD-A56EFA71_IM2222-100_9,PROD-A56EFA71_IM2222-100,IM2222-100,9,M 9 / W 10.5,True,120,120,0
PROD-A56EFA71_IM2222-100_9.5,PROD-A56EFA71_IM2222-100,IM2222-100,9.5,M 9.5 / W 11,True,120,120,0
PROD-A56EFA71_IM2222-100_10,PROD-A56EFA71_IM2222-100,IM2222-100,10,M 10 / W 11.5,True,120,120,0
PROD-A56EFA71_IM2222-100_10.5,PROD-A56EFA71_IM2222-100,IM2222-100,10.5,M 10.5 / W 12,True,120,120,0
PROD-A56EFA71_IM2222-100_11,PROD-A56EFA71_IM2222-100,IM2222-100,11,M 11 / W 12.5,True,120,120,0
PROD-A56EFA71_IM2222-100_11.5,PROD-A56EFA71_IM2222-100,IM2222-100,11.5,M 11.5 / W 13,True,120,120,0
PROD-A56EFA71_IM2222-100_12,PROD-A56EFA71_IM2222-100,IM2222-100,12,M 12 / W 13.5,True,120,120,0
PROD-A56EFA71_IM2222-100_12.5,PROD-A56EFA71_IM2222-100,IM2222-100,12.5,M 12.5 / W 14,True,120,120,0
PROD-A56EFA71_IM2222-100_13,PROD-A56EFA71_IM2222-100,IM2222-100,13,M 13 / W 14.5,True,120,120,0
PROD-A56EFA71_IM2222-100_14,PROD-A56EFA71_IM2222-100,IM2222-100,14,M 14 / W 15.5,True,120,120,0
PROD-A56EFA71_IM2222-100_15,PROD-A56EFA71_IM2222-100,IM2222-100,15,M 15 / W 16.5,True,120,120,0
PROD-A56EFA71_HF5441-105_3.5,PROD-A56EFA71_HF5441-105,HF5441-105,3.5,M 3.5 / W 5,False,120,120,0
PROD-A56EFA71_HF5441-105_4,PROD-A56EFA71_HF5441-105,HF5441-105,4,M 4 / W 5.5,False,120,120,0
PROD-A56EFA71_HF5441-105_4.5,PROD-A56EFA71_HF5441-105,HF5441-105,4.5,M 4.5 / W 6,False,120,120,0
PROD-A56EFA71_HF5441-105_5,PROD-A56EFA71_HF5441-105,HF5441-105,5,M 5 / W 6.5,False,120,120,0
PROD-A56EFA71_HF5441-105_5.5,PROD-A56EFA71_HF5441-105,HF5441-105,5.5,M 5.5 / W 7,False,120,120,0
PROD-A56EFA71_HF5441-105_6,PROD-A56EFA71_HF5441-105,HF5441-105,6,M 6 / W 7.5,True,120,120,0
PROD-A56EFA71_HF5441-105_6.5,PROD-A56EFA71_HF5441-105,HF5441-105,6.5,M 6.5 / W 8,True,120,120,0
PROD-A56EFA71_HF5441-105_7,PROD-A56EFA71_HF5441-105,HF5441-105,7,M 7 / W 8.5,True,120,120,0
PROD-A56EFA71_HF5441-105_7.5,PROD-A56EFA71_HF5441-105,HF5441-105,7.5,M 7.5 / W 9,True,120,120,0
PROD-A56EFA71_HF5441-105_8,PROD-A56EFA71_HF5441-105,HF5441-105,8,M 8 / W 9.5,True,120,120,0
PROD-A56EFA71_HF5441-105_8.5,PROD-A56EFA71_HF5441-105,HF5441-105,8.5,M 8.5 / W 10,True,120,120,0
PROD-A56EFA71_HF5441-105_9,PROD-A56EFA71_HF5441-105,HF5441-105,9,M 9 / W 10.5,True,120,120,0
PROD-A56EFA71_HF5441-105_9.5,PROD-A56EFA71_HF5441-105,HF5441-105,9.5,M 9.5 / W 11,True,120,120,0
PROD-A56EFA71_HF5441-105_10,PROD-A56EFA71_HF5441-105,HF5441-105,10,M 10 / W 11.5,True,120,120,0
PROD-A56EFA71_HF5441-105_10.5,PROD-A56EFA71_HF5441-105,HF5441-105,10.5,M 10.5 / W 12,True,120,120,0
PROD-A56EFA71_HF5441-105_11,PROD-A56EFA71_HF5441-105,HF5441-105,11,M 11 / W 12.5,True,120,120,0
PROD-A56EFA71_HF5441-105_11.5,PROD-A56EFA71_HF5441-105,HF5441-105,11.5,M 11.5 / W 13,True,120,120,0
PROD-A56EFA71_HF5441-105_12,PROD-A56EFA71_HF5441-105,HF5441-105,12,M 12 / W 13.5,True,120,120,0
PROD-A56EFA71_HF5441-105_12.5,PROD-A56EFA71_HF5441-105,HF5441-105,12.5,M 12.5 / W 14,True,120,120,0
PROD-A56EFA71_HF5441-105_13,PROD-A56EFA71_HF5441-105,HF5441-105,13,M 13 / W 14.5,True,120,120,0
PROD-A56EFA71_HF5441-105_14,PROD-A56EFA71_HF5441-105,HF5441-105,14,M 14 / W 15.5,True,120,120,0
PROD-A56EFA71_HF5441-105_15,PROD-A56EFA71_HF5441-105,HF5441-105,15,M 15 / W 16.5,True,120,120,0
PROD-A56EFA71_HF5441-107_6,PROD-A56EFA71_HF5441-107,HF5441-107,6,M 6 / W 7.5,True,120,120,0
PROD-A56EFA71_HF5441-107_6.5,PROD-A56EFA71_HF5441-107,HF5441-107,6.5,M 6.5 / W 8,True,120,120,0
PROD-A56EFA71_HF5441-107_7,PROD-A56EFA71_HF5441-107,HF5441-107,7,M 7 / W 8.5,True,120,120,0
PROD-A56EFA71_HF5441-107_7.5,PROD-A56EFA71_HF5441-107,HF5441-107,7.5,M 7.5 / W 9,True,120,120,0
PROD-A56EFA71_HF5441-107_8,PROD-A56EFA71_HF5441-107,HF5441-107,8,M 8 / W 9.5,True,120,120,0
PROD-A56EFA71_HF5441-107_8.5,PROD-A56EFA71_HF5441-107,HF5441-107,8.5,M 8.5 / W 10,True,120,120,0
PROD-A56EFA71_HF5441-107_9,PROD-A56EFA71_HF5441-107,HF5441-107,9,M 9 / W 10.5,True,120,120,0
PROD-A56EFA71_HF5441-107_9.5,PROD-A56EFA71_HF5441-107,HF5441-107,9.5,M 9.5 / W 11,True,120,120,0
PROD-A56EFA71_HF5441-107_10,PROD-A56EFA71_HF5441-107,HF5441-107,10,M 10 / W 11.5,True,120,120,0
PROD-A56EFA71_HF5441-107_10.5,PROD-A56EFA71_HF5441-107,HF5441-107,10.5,M 10.5 / W 12,True,120,120,0
PROD-A56EFA71_HF5441-107_11,PROD-A56EFA71_HF5441-107,HF5441-107,11,M 11 / W 12.5,True,120,120,0
PROD-A56EFA71_HF5441-107_11.5,PROD-A56EFA71_HF5441-107,HF5441-107,11.5,M 11.5 / W 13,True,120,120,0
PROD-A56EFA71_HF5441-107_12,PROD-A56EFA71_HF5441-107,HF5441-107,12,M 12 / W 13.5,True,120,120,0
PROD-A56EFA71_HF5441-107_12.5,PROD-A56EFA71_HF5441-107,HF5441-107,12.5,M 12.5 / W 14,True,120,120,0
PROD-A56EFA71_HF5441-107_13,PROD-A56EFA71_HF5441-107,HF5441-107,13,M 13 / W 14.5,True,120,120,0
PROD-A56EFA71_HF5441-107_14,PROD-A56EFA71_HF5441-107,HF5441-107,14,M 14 / W 15.5,True,120,120,0
PROD-A56EFA71_HF5441-107_15,PROD-A56EFA71_HF5441-107,HF5441-107,15,M 15 / W 16.5,True,120,120,0
PROD-A56EFA71_DV0833-111_3.5,PROD-A56EFA71_DV0833-111,DV0833-111,3.5,M 3.5 / W 5,False,115,115,0
PROD-A56EFA71_DV0833-111_4,PROD-A56EFA71_DV0833-111,DV0833-111,4,M 4 / W 5.5,True,115,115,0
PROD-A56EFA71_DV0833-111_4.5,PROD-A56EFA71_DV0833-111,DV0833-111,4.5,M 4.5 / W 6,False,115,115,0
PROD-A56EFA71_DV0833-111_5,PROD-A56EFA71_DV0833-111,DV0833-111,5,M 5 / W 6.5,False,115,115,0
PROD-A56EFA71_DV0833-111_5.5,PROD-A56EFA71_DV0833-111,DV0833-111,5.5,M 5.5 / W 7,False,115,115,0
PROD-A56EFA71_DV0833-111_6,PROD-A56EFA71_DV0833-111,DV0833-111,6,M 6 / W 7.5,False,115,115,0
PROD-A56EFA71_DV0833-111_6.5,PROD-A56EFA71_DV0833-111,DV0833-111,6.5,M 6.5 / W 8,False,115,115,0
PROD-A56EFA71_DV0833-111_7,PROD-A56EFA71_DV0833-111,DV0833-111,7,M 7 / W 8.5,False,115,115,0
PROD-A56EFA71_DV0833-111_7.5,PROD-A56EFA71_DV0833-111,DV0833-111,7.5,M 7.5 / W 9,False,115,115,0
PROD-A56EFA71_DV0833-111_8,PROD-A56EFA71_DV0833-111,DV0833-111,8,M 8 / W 9.5,True,115,115,0
PROD-A56EFA71_DV0833-111_8.5,PROD-A56EFA71_DV0833-111,DV0833-111,8.5,M 8.5 / W 10,True,115,115,0
PROD-A56EFA71_DV0833-111_9,PROD-A56EFA71_DV0833-111,DV0833-111,9,M 9 / W 10.5,True,115,115,0
PROD-A56EFA71_DV0833-111_9.5,PROD-A56EFA71_DV0833-111,DV0833-111,9.5,M 9.5 / W 11,True,115,115,0
PROD-A56EFA71_DV0833-111_10,PROD-A56EFA71_DV0833-111,DV0833-111,10,M 10 / W 11.5,True,115,115,0
PROD-A56EFA71_DV0833-111_10.5,PROD-A56EFA71_DV0833-111,DV0833-111,10.5,M 10.5 / W 12,True,115,115,0
PROD-A56EFA71_DV0833-111_11,PROD-A56EFA71_DV0833-111,DV0833-111,11,M 11 / W 12.5,True,115,115,0
PROD-A56EFA71_DV0833-111_11.5,PROD-A56EFA71_DV0833-111,DV0833-111,11.5,M 11.5 / W 13,True,115,115,0
PROD-A56EFA71_DV0833-111_12,PROD-A56EFA71_DV0833-111,DV0833-111,12,M 12 / W 13.5,True,115,115,0
PROD-A56EFA71_DV0833-111_12.5,PROD-A56EFA71_DV0833-111,DV0833-111,12.5,M 12.5 / W 14,False,115,115,0
PROD-A56EFA71_DV0833-111_13,PROD-A56EFA71_DV0833-111,DV0833-111,13,M 13 / W 14.5,True,115,115,0
PROD-A56EFA71_DV0833-111_14,PROD-A56EFA71_DV0833-111,DV0833-111,14,M 14 / W 15.5,True,115,115,0
PROD-A56EFA71_DV0833-111_15,PROD-A56EFA71_DV0833-111,DV0833-111,15,M 15 / W 16.5,False,115,115,0
PROD-A56EFA71_DD1391-100_6,PROD-A56EFA71_DD1391-100,DD1391-100,6,M 6 / W 7.5,True,96.97,120,19
PROD-A56EFA71_DD1391-100_6.5,PROD-A56EFA71_DD1391-100,DD1391-100,6.5,M 6.5 / W 8,True,96.97,120,19
PROD-A56EFA71_DD1391-100_7,PROD-A56EFA71_DD1391-100,DD1391-100,7,M 7 / W 8.5,True,96.97,120,19
PROD-A56EFA71_DD1391-100_7.5,PROD-A56EFA71_DD1391-100,DD1391-100,7.5,M 7.5 / W 9,True,96.97,120,19
PROD-A56EFA71_DD1391-100_8,PROD-A56EFA71_DD1391-100,DD1391-100,8,M 8 / W 9.5,True,96.97,120,19
PROD-A56EFA71_DD1391-100_8.5,PROD-A56EFA71_DD1391-100,DD1391-100,8.5,M 8.5 / W 10,True,96.97,120,19
PROD-A56EFA71_DD1391-100_9,PROD-A56EFA71_DD1391-100,DD1391-100,9,M 9 / W 10.5,True,96.97,120,19
PROD-A56EFA71_DD1391-100_9.5,PROD-A56EFA71_DD1391-100,DD1391-100,9.5,M 9.5 / W 11,True,96.97,120,19
PROD-A56EFA71_DD1391-100_10,PROD-A56EFA71_DD1391-100,DD1391-100,10,M 10 / W 11.5,True,96.97,120,19
PROD-A56EFA71_DD1391-100_10.5,PROD-A56EFA71_DD1391-100,DD1391-100,10.5,M 10.5 / W 12,True,96.97,120,19
PROD-A56EFA71_DD1391-100_11,PROD-A56EFA71_DD1391-100,DD1391-100,11,M 11 / W 12.5,True,96.97,120,19
PROD-A56EFA71_DD1391-100_11.5,PROD-A56EFA71_DD1391-100,DD1391-100,11.5,M 11.5 / W 13,True,96.97,120,19
PROD-A56EFA71_DD1391-100_12,PROD-A56EFA71_DD1391-100,DD1391-100,12,M 12 / W 13.5,True,96.97,120,19
PROD-A56EFA71_DD1391-100_12.5,PROD-A56EFA71_DD1391-100,DD1391-100,12.5,M 12.5 / W 14,True,96.97,120,19
PROD-A56EFA71_DD1391-100_13,PROD-A56EFA71_DD1391-100,DD1391-100,13,M 13 / W 14.5,True,96.97,120,19
PROD-A56EFA71_DD1391-100_14,PROD-A56EFA71_DD1391-100,DD1391-100,14,M 14 / W 15.5,True,96.97,120,19
PROD-A56EFA71_DD1391-100_15,PROD-A56EFA71_DD1391-100,DD1391-100,15,M 15 / W 16.5,True,96.97,120,19
PROD-A56EFA71_IH7333-200_6,PROD-A56EFA71_IH7333-200,IH7333-200,6,M 6 / W 7.5,True,91.97,130,29
PROD-A56EFA71_IH7333-200_6.5,PROD-A56EFA71_IH7333-200,IH7333-200,6.5,M 6.5 / W 8,True,91.97,130,29
PROD-A56EFA71_IH7333-200_7,PROD-A56EFA71_IH7333-200,IH7333-200,7,M 7 / W 8.5,True,91.97,130,29
PROD-A56EFA71_IH7333-200_7.5,PROD-A56EFA71_IH7333-200,IH7333-200,7.5,M 7.5 / W 9,True,91.97,130,29
PROD-A56EFA71_IH7333-200_8,PROD-A56EFA71_IH7333-200,IH7333-200,8,M 8 / W 9.5,True,91.97,130,29
PROD-A56EFA71_IH7333-200_8.5,PROD-A56EFA71_IH7333-200,IH7333-200,8.5,M 8.5 / W 10,True,91.97,130,29
PROD-A56EFA71_IH7333-200_9,PROD-A56EFA71_IH7333-200,IH7333-200,9,M 9 / W 10.5,True,91.97,130,29
PROD-A56EFA71_IH7333-200_9.5,PROD-A56EFA71_IH7333-200,IH7333-200,9.5,M 9.5 / W 11,True,91.97,130,29
PROD-A56EFA71_IH7333-200_10,PROD-A56EFA71_IH7333-200,IH7333-200,10,M 10 / W 11.5,True,91.97,130,29
PROD-A56EFA71_IH7333-200_10.5,PROD-A56EFA71_IH7333-200,IH7333-200,10.5,M 10.5 / W 12,True,91.97,130,29
PROD-A56EFA71_IH7333-200_11,PROD-A56EFA71_IH7333-200,IH7333-200,11,M 11 / W 12.5,True,91.97,130,29
PROD-A56EFA71_IH7333-200_11.5,PROD-A56EFA71_IH7333-200,IH7333-200,11.5,M 11.5 / W 13,True,91.97,130,29
PROD-A56EFA71_IH7333-200_12,PROD-A56EFA71_IH7333-200,IH7333-200,12,M 12 / W 13.5,True,91.97,130,29
PROD-A56EFA71_IH7333-200_12.5,PROD-A56EFA71_IH7333-200,IH7333-200,12.5,M 12.5 / W 14,True,91.97,130,29
PROD-A56EFA71_IH7333-200_13,PROD-A56EFA71_IH7333-200,IH7333-200,13,M 13 / W 14.5,True,91.97,130,29
PROD-A56EFA71_IH7333-200_14,PROD-A56EFA71_IH7333-200,IH7333-200,14,M 14 / W 15.5,True,91.97,130,29
PROD-A56EFA71_IH7333-200_15,PROD-A56EFA71_IH7333-200,IH7333-200,15,M 15 / W 16.5,True,91.97,130,29
PROD-A56EFA71_HF5441-004_6,PROD-A56EFA71_HF5441-004,HF5441-004,6,M 6 / W 7.5,True,72.97,120,39
PROD-A56EFA71_HF5441-004_6.5,PROD-A56EFA71_HF5441-004,HF5441-004,6.5,M 6.5 / W 8,True,72.97,120,39
PROD-A56EFA71_HF5441-004_7,PROD-A56EFA71_HF5441-004,HF5441-004,7,M 7 / W 8.5,True,72.97,120,39
PROD-A56EFA71_HF5441-004_7.5,PROD-A56EFA71_HF5441-004,HF5441-004,7.5,M 7.5 / W 9,True,72.97,120,39
PROD-A56EFA71_HF5441-004_8,PROD-A56EFA71_HF5441-004,HF5441-004,8,M 8 / W 9.5,True,72.97,120,39
PROD-A56EFA71_HF5441-004_8.5,PROD-A56EFA71_HF5441-004,HF5441-004,8.5,M 8.5 / W 10,True,72.97,120,39
PROD-A56EFA71_HF5441-004_9,PROD-A56EFA71_HF5441-004,HF5441-004,9,M 9 / W 10.5,True,72.97,120,39
PROD-A56EFA71_HF5441-004_9.5,PROD-A56EFA71_HF5441-004,HF5441-004,9.5,M 9.5 / W 11,True,72.97,120,39
PROD-A56EFA71_HF5441-004_10,PROD-A56EFA71_HF5441-004,HF5441-004,10,M 10 / W 11.5,True,72.97,120,39
PROD-A56EFA71_HF5441-004_10.5,PROD-A56EFA71_HF5441-004,HF5441-004,10.5,M 10.5 / W 12,True,72.97,120,39
PROD-A56EFA71_HF5441-004_11,PROD-A56EFA71_HF5441-004,HF5441-004,11,M 11 / W 12.5,True,72.97,120,39
PROD-A56EFA71_HF5441-004_11.5,PROD-A56EFA71_HF5441-004,HF5441-004,11.5,M 11.5 / W 13,True,72.97,120,39
PROD-A56EFA71_HF5441-004_12,PROD-A56EFA71_HF5441-004,HF5441-004,12,M 12 / W 13.5,True,72.97,120,39
PROD-A56EFA71_HF5441-004_12.5,PROD-A56EFA71_HF5441-004,HF5441-004,12.5,M 12.5 / W 14,True,72.97,120,39
PROD-A56EFA71_HF5441-004_13,PROD-A56EFA71_HF5441-004,HF5441-004,13,M 13 / W 14.5,True,72.97,120,39
PROD-A56EFA71_HF5441-004_14,PROD-A56EFA71_HF5441-004,HF5441-004,14,M 14 / W 15.5,True,72.97,120,39
PROD-A56EFA71_HF5441-005_3.5,PROD-A56EFA71_HF5441-005,HF5441-005,3.5,M 3.5 / W 5,True,102.97,120,14
PROD-A56EFA71_HF5441-005_4,PROD-A56EFA71_HF5441-005,HF5441-005,4,M 4 / W 5.5,True,102.97,120,14
PROD-A56EFA71_HF5441-005_4.5,PROD-A56EFA71_HF5441-005,HF5441-005,4.5,M 4.5 / W 6,True,102.97,120,14
PROD-A56EFA71_HF5441-005_5,PROD-A56EFA71_HF5441-005,HF5441-005,5,M 5 / W 6.5,True,102.97,120,14
PROD-A56EFA71_HF5441-005_5.5,PROD-A56EFA71_HF5441-005,HF5441-005,5.5,M 5.5 / W 7,True,102.97,120,14
PROD-A56EFA71_HF5441-005_6,PROD-A56EFA71_HF5441-005,HF5441-005,6,M 6 / W 7.5,True,102.97,120,14
PROD-A56EFA71_HF5441-005_6.5,PROD-A56EFA71_HF5441-005,HF5441-005,6.5,M 6.5 / W 8,True,102.97,120,14
PROD-A56EFA71_HF5441-005_7,PROD-A56EFA71_HF5441-005,HF5441-005,7,M 7 / W 8.5,True,102.97,120,14
PROD-A56EFA71_HF5441-005_7.5,PROD-A56EFA71_HF5441-005,HF5441-005,7.5,M 7.5 / W 9,False,102.97,120,14
PROD-A56EFA71_HF5441-005_8,PROD-A56EFA71_HF5441-005,HF5441-005,8,M 8 / W 9.5,True,102.97,120,14
PROD-A56EFA71_HF5441-005_8.5,PROD-A56EFA71_HF5441-005,HF5441-005,8.5,M 8.5 / W 10,True,102.97,120,14
PROD-A56EFA71_HF5441-005_9,PROD-A56EFA71_HF5441-005,HF5441-005,9,M 9 / W 10.5,True,102.97,120,14
PROD-A56EFA71_HF5441-005_9.5,PROD-A56EFA71_HF5441-005,HF5441-005,9.5,M 9.5 / W 11,True,102.97,120,14
PROD-A56EFA71_HF5441-005_10,PROD-A56EFA71_HF5441-005,HF5441-005,10,M 10 / W 11.5,True,102.97,120,14
PROD-A56EFA71_HF5441-005_10.5,PROD-A56EFA71_HF5441-005,HF5441-005,10.5,M 10.5 / W 12,True,102.97,120,14
PROD-A56EFA71_HF5441-005_11,PROD-A56EFA71_HF5441-005,HF5441-005,11,M 11 / W 12.5,True,102.97,120,14
PROD-A56EFA71_HF5441-005_11.5,PROD-A56EFA71_HF5441-005,HF5441-005,11.5,M 11.5 / W 13,True,102.97,120,14
PROD-A56EFA71_HF5441-005_12,PROD-A56EFA71_HF5441-005,HF5441-005,12,M 12 / W 13.5,True,102.97,120,14
PROD-A56EFA71_HF5441-005_12.5,PROD-A56EFA71_HF5441-005,HF5441-005,12.5,M 12.5 / W 14,True,102.97,120,14
PROD-A56EFA71_HF5441-005_13,PROD-A56EFA71_HF5441-005,HF5441-005,13,M 13 / W 14.5,True,102.97,120,14
PROD-A56EFA71_HF5441-005_14,PROD-A56EFA71_HF5441-005,HF5441-005,14,M 14 / W 15.5,True,102.97,120,14
PROD-A56EFA71_HF5441-005_15,PROD-A56EFA71_HF5441-005,HF5441-005,15,M 15 / W 16.5,True,102.97,120,14
PROD-A56EFA71_HF5441-202_6,PROD-A56EFA71_HF5441-202,HF5441-202,6,M 6 / W 7.5,True,72.97,120,39
PROD-A56EFA71_HF5441-202_6.5,PROD-A56EFA71_HF5441-202,HF5441-202,6.5,M 6.5 / W 8,True,72.97,120,39
PROD-A56EFA71_HF5441-202_7,PROD-A56EFA71_HF5441-202,HF5441-202,7,M 7 / W 8.5,True,72.97,120,39
PROD-A56EFA71_HF5441-202_7.5,PROD-A56EFA71_HF5441-202,HF5441-202,7.5,M 7.5 / W 9,True,72.97,120,39
PROD-A56EFA71_HF5441-202_8,PROD-A56EFA71_HF5441-202,HF5441-202,8,M 8 / W 9.5,True,72.97,120,39
PROD-A56EFA71_HF5441-202_8.5,PROD-A56EFA71_HF5441-202,HF5441-202,8.5,M 8.5 / W 10,True,72.97,120,39
PROD-A56EFA71_HF5441-202_9,PROD-A56EFA71_HF5441-202,HF5441-202,9,M 9 / W 10.5,True,72.97,120,39
PROD-A56EFA71_HF5441-202_9.5,PROD-A56EFA71_HF5441-202,HF5441-202,9.5,M 9.5 / W 11,True,72.97,120,39
PROD-A56EFA71_HF5441-202_10,PROD-A56EFA71_HF5441-202,HF5441-202,10,M 10 / W 11.5,True,72.97,120,39
PROD-A56EFA71_HF5441-202_10.5,PROD-A56EFA71_HF5441-202,HF5441-202,10.5,M 10.5 / W 12,True,72.97,120,39
PROD-A56EFA71_HF5441-202_11,PROD-A56EFA71_HF5441-202,HF5441-202,11,M 11 / W 12.5,True,72.97,120,39
PROD-A56EFA71_HF5441-202_11.5,PROD-A56EFA71_HF5441-202,HF5441-202,11.5,M 11.5 / W 13,True,72.97,120,39
PROD-A56EFA71_HF5441-202_12,PROD-A56EFA71_HF5441-202,HF5441-202,12,M 12 / W 13.5,True,72.97,120,39
PROD-A56EFA71_HF5441-202_12.5,PROD-A56EFA71_HF5441-202,HF5441-202,12.5,M 12.5 / W 14,True,72.97,120,39
PROD-A56EFA71_HF5441-202_13,PROD-A56EFA71_HF5441-202,HF5441-202,13,M 13 / W 14.5,True,72.97,120,39
PROD-A56EFA71_HF5441-202_14,PROD-A56EFA71_HF5441-202,HF5441-202,14,M 14 / W 15.5,True,72.97,120,39
PROD-A56EFA71_HF5441-202_15,PROD-A56EFA71_HF5441-202,HF5441-202,15,M 15 / W 16.5,True,72.97,120,39
PROD-A56EFA71_HF5441-108_6,PROD-A56EFA71_HF5441-108,HF5441-108,6,M 6 / W 7.5,True,69.97,115,39
PROD-A56EFA71_HF5441-108_6.5,PROD-A56EFA71_HF5441-108,HF5441-108,6.5,M 6.5 / W 8,False,69.97,115,39
PROD-A56EFA71_HF5441-108_7,PROD-A56EFA71_HF5441-108,HF5441-108,7,M 7 / W 8.5,True,69.97,115,39
PROD-A56EFA71_HF5441-108_7.5,PROD-A56EFA71_HF5441-108,HF5441-108,7.5,M 7.5 / W 9,False,69.97,115,39
PROD-A56EFA71_HF5441-108_8,PROD-A56EFA71_HF5441-108,HF5441-108,8,M 8 / W 9.5,True,69.97,115,39
PROD-A56EFA71_HF5441-108_8.5,PROD-A56EFA71_HF5441-108,HF5441-108,8.5,M 8.5 / W 10,False,69.97,115,39
PROD-A56EFA71_HF5441-108_9,PROD-A56EFA71_HF5441-108,HF5441-108,9,M 9 / W 10.5,True,69.97,115,39
PROD-A56EFA71_HF5441-108_9.5,PROD-A56EFA71_HF5441-108,HF5441-108,9.5,M 9.5 / W 11,True,69.97,115,39
PROD-A56EFA71_HF5441-108_10,PROD-A56EFA71_HF5441-108,HF5441-108,10,M 10 / W 11.5,True,69.97,115,39
PROD-A56EFA71_HF5441-108_10.5,PROD-A56EFA71_HF5441-108,HF5441-108,10.5,M 10.5 / W 12,False,69.97,115,39
PROD-A56EFA71_HF5441-108_11,PROD-A56EFA71_HF5441-108,HF5441-108,11,M 11 / W 12.5,True,69.97,115,39
PROD-A56EFA71_HF5441-108_11.5,PROD-A56EFA71_HF5441-108,HF5441-108,11.5,M 11.5 / W 13,False,69.97,115,39
PROD-A56EFA71_HF5441-108_12,PROD-A56EFA71_HF5441-108,HF5441-108,12,M 12 / W 13.5,True,69.97,115,39
PROD-A56EFA71_HF5441-108_12.5,PROD-A56EFA71_HF5441-108,HF5441-108,12.5,M 12.5 / W 14,False,69.97,115,39
PROD-A56EFA71_HF5441-108_13,PROD-A56EFA71_HF5441-108,HF5441-108,13,M 13 / W 14.5,True,69.97,115,39
PROD-A56EFA71_HF5441-108_14,PROD-A56EFA71_HF5441-108,HF5441-108,14,M 14 / W 15.5,True,69.97,115,39
PROD-A56EFA71_HF5441-108_15,PROD-A56EFA71_HF5441-108,HF5441-108,15,M 15 / W 16.5,True,69.97,115,39
PROD-149DA0B5_DEFAULT_5,PROD-149DA0B5_DEFAULT,DEFAULT,5,W 5 / M 3.5,True,80.97,100,19
PROD-149DA0B5_DEFAULT_5.5,PROD-149DA0B5_DEFAULT,DEFAULT,5.5,W 5.5 / M 4,True,80.97,100,19
PROD-149DA0B5_DEFAULT_6,PROD-149DA0B5_DEFAULT,DEFAULT,6,W 6 / M 4.5,True,80.97,100,19
PROD-149DA0B5_DEFAULT_6.5,PROD-149DA0B5_DEFAULT,DEFAULT,6.5,W 6.5 / M 5,True,80.97,100,19
PROD-149DA0B5_DEFAULT_7,PROD-149DA0B5_DEFAULT,DEFAULT,7,W 7 / M 5.5,True,80.97,100,19
PROD-149DA0B5_DEFAULT_7.5,PROD-149DA0B5_DEFAULT,DEFAULT,7.5,W 7.5 / M 6,True,80.97,100,19
PROD-149DA0B5_DEFAULT_8,PROD-149DA0B5_DEFAULT,DEFAULT,8,W 8 / M 6.5,True,80.97,100,19
PROD-149DA0B5_DEFAULT_8.5,PROD-149DA0B5_DEFAULT,DEFAULT,8.5,W 8.5 / M 7,True,80.97,100,19
PROD-149DA0B5_DEFAULT_9,PROD-149DA0B5_DEFAULT,DEFAULT,9,W 9 / M 7.5,True,80.97,100,19
PROD-149DA0B5_DEFAULT_9.5,PROD-149DA0B5_DEFAULT,DEFAULT,9.5,W 9.5 / M 8,True,80.97,100,19
PROD-149DA0B5_DEFAULT_10,PROD-149DA0B5_DEFAULT,DEFAULT,10,W 10 / M 8.5,True,80.97,100,19
PROD-149DA0B5_DEFAULT_10.5,PROD-149DA0B5_DEFAULT,DEFAULT,10.5,W 10.5 / M 9,True,80.97,100,19
PROD-149DA0B5_DEFAULT_11,PROD-149DA0B5_DEFAULT,DEFAULT,11,W 11 / M 9.5,True,80.97,100,19
PROD-149DA0B5_DEFAULT_11.5,PROD-149DA0B5_DEFAULT,DEFAULT,11.5,W 11.5 / M 10,True,80.97,100,19
PROD-149DA0B5_DEFAULT_12,PROD-149DA0B5_DEFAULT,DEFAULT,12,W 12 / M 10.5,True,80.97,100,19
PROD-D36F3729_DX5883-100_5,PROD-D36F3729_DX5883-100,DX5883-100,5,W 5 / M 3.5,True,115,115,0
PROD-D36F3729_DX5883-100_5.5,PROD-D36F3729_DX5883-100,DX5883-100,5.5,W 5.5 / M 4,True,115,115,0
PROD-D36F3729_DX5883-100_6,PROD-D36F3729_DX5883-100,DX5883-100,6,W 6 / M 4.5,True,115,115,0
PROD-D36F3729_DX5883-100_6.5,PROD-D36F3729_DX5883-100,DX5883-100,6.5,W 6.5 / M 5,True,115,115,0
PROD-D36F3729_DX5883-100_7,PROD-D36F3729_DX5883-100,DX5883-100,7,W 7 / M 5.5,True,115,115,0
PROD-D36F3729_DX5883-100_7.5,PROD-D36F3729_DX5883-100,DX5883-100,7.5,W 7.5 / M 6,True,115,115,0
PROD-D36F3729_DX5883-100_8,PROD-D36F3729_DX5883-100,DX5883-100,8,W 8 / M 6.5,True,115,115,0
PROD-D36F3729_DX5883-100_8.5,PROD-D36F3729_DX5883-100,DX5883-100,8.5,W 8.5 / M 7,True,115,115,0
PROD-D36F3729_DX5883-100_9,PROD-D36F3729_DX5883-100,DX5883-100,9,W 9 / M 7.5,True,115,115,0
PROD-D36F3729_DX5883-100_9.5,PROD-D36F3729_DX5883-100,DX5883-100,9.5,W 9.5 / M 8,True,115,115,0
PROD-D36F3729_DX5883-100_10,PROD-D36F3729_DX5883-100,DX5883-100,10,W 10 / M 8.5,True,115,115,0
PROD-D36F3729_DX5883-100_10.5,PROD-D36F3729_DX5883-100,DX5883-100,10.5,W 10.5 / M 9,True,115,115,0
PROD-D36F3729_DX5883-100_11,PROD-D36F3729_DX5883-100,DX5883-100,11,W 11 / M 9.5,True,115,115,0
PROD-D36F3729_DX5883-100_11.5,PROD-D36F3729_DX5883-100,DX5883-100,11.5,W 11.5 / M 10,True,115,115,0
PROD-D36F3729_DX5883-100_12,PROD-D36F3729_DX5883-100,DX5883-100,12,W 12 / M 10.5,True,115,115,0
PROD-72570D6C_DEFAULT_5,PROD-72570D6C_DEFAULT,DEFAULT,5,W 5 / M 4,True,24.97,32,22
PROD-72570D6C_DEFAULT_6,PROD-72570D6C_DEFAULT,DEFAULT,6,W 6 / M 5,True,24.97,32,22
PROD-72570D6C_DEFAULT_7,PROD-72570D6C_DEFAULT,DEFAULT,7,W 7 / M 6,True,24.97,32,22
PROD-72570D6C_DEFAULT_8,PROD-72570D6C_DEFAULT,DEFAULT,8,W 8 / M 7,True,24.97,32,22
PROD-72570D6C_DEFAULT_9,PROD-72570D6C_DEFAULT,DEFAULT,9,W 9 / M 8,True,24.97,32,22
PROD-72570D6C_DEFAULT_10,PROD-72570D6C_DEFAULT,DEFAULT,10,W 10 / M 9,True,24.97,32,22
PROD-72570D6C_DEFAULT_11,PROD-72570D6C_DEFAULT,DEFAULT,11,W 11 / M 10,True,24.97,32,22
PROD-72570D6C_DEFAULT_12,PROD-72570D6C_DEFAULT,DEFAULT,12,W 12 / M 11,True,24.97,32,22
PROD-67FB2C42_II7288-100_10.5C,PROD-67FB2C42_II7288-100,II7288-100,10.5C,10.5C,True,105,105,0
PROD-67FB2C42_II7288-100_11C,PROD-67FB2C42_II7288-100,II7288-100,11C,11C,True,105,105,0
PROD-67FB2C42_II7288-100_11.5C,PROD-67FB2C42_II7288-100,II7288-100,11.5C,11.5C,True,105,105,0
PROD-67FB2C42_II7288-100_12C,PROD-67FB2C42_II7288-100,II7288-100,12C,12C,True,105,105,0
PROD-67FB2C42_II7288-100_12.5C,PROD-67FB2C42_II7288-100,II7288-100,12.5C,12.5C,True,105,105,0
PROD-67FB2C42_II7288-100_13C,PROD-67FB2C42_II7288-100,II7288-100,13C,13C,True,105,105,0
PROD-67FB2C42_II7288-100_13.5C,PROD-67FB2C42_II7288-100,II7288-100,13.5C,13.5C,True,105,105,0
PROD-67FB2C42_II7288-100_1Y,PROD-67FB2C42_II7288-100,II7288-100,1Y,1Y,True,105,105,0
PROD-67FB2C42_II7288-100_1.5Y,PROD-67FB2C42_II7288-100,II7288-100,1.5Y,1.5Y,True,105,105,0
PROD-67FB2C42_II7288-100_2Y,PROD-67FB2C42_II7288-100,II7288-100,2Y,2Y,True,105,105,0
PROD-67FB2C42_II7288-100_2.5Y,PROD-67FB2C42_II7288-100,II7288-100,2.5Y,2.5Y,True,105,105,0
PROD-67FB2C42_II7288-100_3Y,PROD-67FB2C42_II7288-100,II7288-100,3Y,3Y,True,105,105,0
